,Date,Open,High,Low,Close,Volume
0,1693487280000,27154.49,27169.98,27154.48,27156.75,50.25631
1,1693487340000,27156.75,27176.49,27156.74,27176.48,38.6227
2,1693487400000,27176.48,27177.61,27165.11,27177.6,27.95516
3,1693487460000,27177.6,27192.79,27177.6,27187.76,31.84316
4,1693487520000,27187.76,27195.0,27185.02,27191.21,25.54371
5,1693487580000,27191.22,27199.17,27191.21,27197.84,27.75352
6,1693487640000,27197.85,27198.28,27194.87,27196.22,9.82158
7,1693487700000,27196.23,27196.23,27189.52,27195.01,19.8648
8,1693487760000,27195.0,27196.23,27183.0,27196.22,22.51242
9,1693487820000,27196.23,27196.23,27194.07,27194.07,8.17668
10,1693487880000,27194.08,27194.08,27184.04,27187.73,12.74098
11,1693487940000,27187.74,27187.74,27182.46,27185.58,17.99444
12,1693488000000,27185.58,27185.59,27173.27,27173.28,10.44948
13,1693488060000,27173.28,27173.28,27164.28,27164.28,28.29615
14,1693488120000,27164.28,27164.29,27164.28,27164.28,9.13517
15,1693488180000,27164.28,27164.29,27164.28,27164.29,11.23238
16,1693488240000,27164.29,27176.71,27164.28,27176.7,17.96635
17,1693488300000,27176.7,27178.49,27176.7,27178.48,9.03321
18,1693488360000,27178.48,27178.49,27173.62,27173.7,27.55681
19,1693488420000,27173.7,27173.71,27165.45,27165.45,8.35237
20,1693488480000,27165.46,27165.46,27152.07,27152.07,47.86291
21,1693488540000,27152.08,27165.03,27144.0,27165.03,43.29612
22,1693488600000,27165.02,27173.59,27161.41,27162.2,22.18984
23,1693488660000,27162.21,27178.49,27162.2,27174.46,36.31187
24,1693488720000,27174.46,27174.47,27148.44,27148.44,26.57605
25,1693488780000,27148.45,27176.24,27140.98,27176.23,63.37871
26,1693488840000,27176.24,27180.7,27173.27,27173.28,18.83297
27,1693488900000,27173.28,27179.75,27162.69,27168.13,33.68975
28,1693488960000,27168.13,27173.65,27161.52,27168.15,26.57728
29,1693489020000,27168.14,27177.0,27168.14,27177.0,11.26707
30,1693489080000,27176.99,27190.67,27176.99,27190.66,10.97356
31,1693489140000,27190.66,27204.16,27190.66,27204.15,30.9642
32,1693489200000,27204.15,27205.32,27181.1,27186.07,30.99789
33,1693489260000,27186.06,27200.49,27186.06,27197.37,21.57942
34,1693489320000,27197.36,27197.37,27172.09,27172.85,42.43066
35,1693489380000,27172.86,27172.86,27160.0,27168.94,21.36707
36,1693489440000,27168.93,27168.94,27162.78,27163.98,22.59533
37,1693489500000,27163.98,27195.95,27163.97,27182.7,56.60518
38,1693489560000,27182.69,27186.32,27101.15,27113.18,131.47063
39,1693489620000,27113.17,27140.89,27073.14,27137.29,163.97098
40,1693489680000,27137.29,27145.79,27119.97,27139.21,72.35033
41,1693489740000,27139.21,27144.65,27114.21,27126.83,45.34161
42,1693489800000,27126.82,27132.56,27103.46,27103.92,27.83313
43,1693489860000,27103.91,27123.94,27095.56,27121.51,63.2511
44,1693489920000,27121.52,27122.51,27105.22,27105.23,56.37563
45,1693489980000,27105.23,27117.92,27094.27,27117.91,46.41256
46,1693490040000,27117.91,27120.19,27106.04,27110.36,45.88692
47,1693490100000,27110.36,27133.79,27110.36,27133.78,33.73234
48,1693490160000,27133.78,27164.01,27133.78,27140.29,116.76899
49,1693490220000,27140.29,27153.17,27140.29,27147.88,32.651
50,1693490280000,27147.88,27151.67,27140.19,27140.2,13.64682
51,1693490340000,27140.19,27150.0,27140.19,27149.99,9.27989
52,1693490400000,27149.99,27154.99,27143.3,27154.98,36.22476
53,1693490460000,27154.98,27154.99,27144.02,27153.24,17.27356
54,1693490520000,27153.24,27156.65,27140.0,27140.0,30.06433
55,1693490580000,27140.01,27144.92,27135.86,27144.91,24.3483
56,1693490640000,27144.92,27150.0,27144.91,27147.49,15.1243
57,1693490700000,27147.5,27147.5,27138.38,27138.39,30.2584
58,1693490760000,27138.39,27138.39,27108.67,27123.2,44.81247
59,1693490820000,27123.21,27129.99,27117.65,27117.65,28.91621
60,1693490880000,27117.66,27117.66,27088.49,27107.71,55.02342
61,1693490940000,27107.72,27110.58,27097.86,27098.35,62.75197
62,1693491000000,27098.36,27108.06,27076.88,27091.46,77.61697
63,1693491060000,27091.45,27096.41,27083.55,27086.87,31.72899
64,1693491120000,27086.87,27119.64,27086.87,27100.32,33.56525
65,1693491180000,27100.32,27100.57,27080.46,27100.57,46.71995
66,1693491240000,27100.57,27104.18,27089.0,27099.69,22.74122
67,1693491300000,27099.68,27110.64,27089.79,27106.77,25.76451
68,1693491360000,27106.77,27106.78,27068.0,27084.83,62.04597
69,1693491420000,27084.83,27084.84,27065.79,27072.92,46.39256
70,1693491480000,27072.92,27077.09,27027.0,27052.99,133.4528
71,1693491540000,27053.0,27094.95,27052.99,27087.4,60.09081
72,1693491600000,27087.41,27087.41,27067.7,27075.53,48.33433
73,1693491660000,27075.53,27124.84,27075.52,27124.83,63.09863
74,1693491720000,27124.84,27149.99,27122.3,27133.78,108.39733
75,1693491780000,27133.78,27134.14,27092.72,27092.73,25.68534
76,1693491840000,27092.72,27111.92,27092.72,27106.78,27.5511
77,1693491900000,27106.78,27106.78,27085.25,27088.62,34.58856
78,1693491960000,27088.63,27105.0,27085.25,27104.99,30.74105
79,1693492020000,27104.99,27122.28,27101.6,27122.27,23.66702
80,1693492080000,27122.28,27125.47,27106.7,27114.67,20.51819
81,1693492140000,27114.67,27138.24,27114.66,27137.39,26.05972
82,1693492200000,27137.39,27144.4,27133.85,27133.85,18.86782
83,1693492260000,27133.85,27140.8,27119.02,27134.67,22.52084
84,1693492320000,27134.67,27134.67,27121.97,27128.58,23.79036
85,1693492380000,27128.57,27133.86,27112.79,27128.43,51.5997
86,1693492440000,27128.43,27134.37,27127.79,27132.15,25.22309
87,1693492500000,27132.15,27132.15,27121.63,27122.53,21.37228
88,1693492560000,27122.52,27126.56,27117.38,27121.35,29.91806
89,1693492620000,27121.36,27121.36,27112.25,27120.0,18.52012
90,1693492680000,27120.0,27124.48,27117.17,27117.17,23.76445
91,1693492740000,27117.17,27119.99,27110.0,27110.01,16.96465
92,1693492800000,27110.01,27113.22,27110.0,27113.21,14.00482
93,1693492860000,27113.21,27130.59,27113.21,27130.59,17.80495
94,1693492920000,27130.59,27130.59,27120.12,27120.13,19.47872
95,1693492980000,27120.13,27130.59,27116.31,27126.32,22.21984
96,1693493040000,27126.32,27133.0,27120.89,27120.89,25.27751
97,1693493100000,27120.9,27120.9,27111.17,27117.66,18.3608
98,1693493160000,27117.67,27133.0,27117.66,27132.99,40.54583
99,1693493220000,27133.0,27146.92,27132.99,27146.34,31.8345
100,1693493280000,27146.33,27146.34,27136.44,27137.79,13.41527
101,1693493340000,27137.79,27148.9,27137.78,27148.39,13.35999
102,1693493400000,27148.39,27160.0,27147.62,27159.99,38.81757
103,1693493460000,27159.99,27192.78,27159.99,27180.67,58.13228
104,1693493520000,27180.67,27180.68,27165.28,27165.28,69.46724
105,1693493580000,27165.29,27180.0,27165.28,27166.49,46.59034
106,1693493640000,27166.48,27171.38,27160.0,27160.01,14.05306
107,1693493700000,27160.0,27160.01,27150.0,27154.26,22.36865
108,1693493760000,27154.26,27169.76,27154.25,27164.36,23.2635
109,1693493820000,27164.37,27165.68,27162.52,27162.53,8.75205
110,1693493880000,27162.52,27175.17,27162.52,27175.17,16.05447
111,1693493940000,27175.16,27178.04,27173.68,27175.66,12.65809
112,1693494000000,27175.67,27175.67,27156.78,27157.48,37.71105
113,1693494060000,27157.48,27166.11,27156.13,27156.14,38.22181
114,1693494120000,27156.13,27158.13,27150.63,27150.64,28.42051
115,1693494180000,27150.64,27150.64,27150.0,27150.0,8.18015
116,1693494240000,27150.01,27166.52,27150.0,27166.51,32.84974
117,1693494300000,27166.51,27166.52,27150.0,27150.01,27.75131
118,1693494360000,27150.01,27150.01,27150.0,27150.0,5.33981
119,1693494420000,27150.01,27157.35,27150.0,27157.34,23.65515
120,1693494480000,27157.35,27163.04,27154.44,27154.45,31.89987
121,1693494540000,27154.45,27160.32,27153.08,27160.31,33.37116
122,1693494600000,27160.32,27164.62,27160.31,27163.51,11.29166
123,1693494660000,27163.52,27166.98,27161.82,27161.83,17.09848
124,1693494720000,27161.82,27172.12,27161.82,27170.01,20.95721
125,1693494780000,27170.01,27170.01,27165.59,27165.6,13.07071
126,1693494840000,27165.59,27175.16,27165.59,27174.97,22.42117
127,1693494900000,27174.97,27176.42,27172.73,27176.41,15.51158
128,1693494960000,27176.42,27179.74,27172.75,27172.76,20.28999
129,1693495020000,27172.76,27172.76,27165.17,27170.34,17.25801
130,1693495080000,27170.34,27170.34,27151.01,27153.01,25.65426
131,1693495140000,27153.01,27156.46,27153.01,27155.31,10.35438
132,1693495200000,27155.32,27155.32,27130.0,27130.0,48.71216
133,1693495260000,27130.01,27135.7,27126.84,27133.66,33.54355
134,1693495320000,27133.66,27135.03,27125.75,27135.02,21.37663
135,1693495380000,27135.03,27141.95,27131.69,27131.7,16.4814
136,1693495440000,27131.69,27140.46,27131.69,27140.46,24.88925
137,1693495500000,27140.46,27142.15,27125.8,27142.14,36.63605
138,1693495560000,27142.14,27142.15,27137.74,27137.75,12.07973
139,1693495620000,27137.74,27150.0,27137.74,27149.99,20.6403
140,1693495680000,27149.99,27150.0,27144.67,27144.68,8.26798
141,1693495740000,27144.67,27144.68,27135.55,27144.66,21.13286
142,1693495800000,27144.66,27149.14,27136.55,27149.14,19.53216
143,1693495860000,27149.13,27149.14,27148.73,27148.73,12.24168
144,1693495920000,27148.74,27148.74,27130.24,27130.25,12.84101
145,1693495980000,27130.24,27130.25,27122.98,27123.01,20.17016
146,1693496040000,27123.0,27123.01,27107.2,27111.29,24.68324
147,1693496100000,27111.29,27113.31,27107.29,27111.7,12.20293
148,1693496160000,27111.71,27118.85,27110.01,27114.95,28.0045
149,1693496220000,27114.95,27114.95,27100.0,27100.0,23.94336
150,1693496280000,27100.0,27100.01,27084.53,27091.91,26.46931
151,1693496340000,27091.92,27096.42,27091.91,27093.41,26.47922
152,1693496400000,27093.4,27093.41,27070.67,27072.94,31.68087
153,1693496460000,27072.94,27072.95,26870.0,26902.89,969.25763
154,1693496520000,26902.89,26967.75,26803.73,26935.92,723.58637
155,1693496580000,26935.91,26955.82,26914.47,26927.26,218.60773
156,1693496640000,26927.27,26932.99,26891.21,26915.71,154.51413
157,1693496700000,26915.71,26921.12,26866.37,26910.49,143.12701
158,1693496760000,26910.49,26966.59,26903.55,26948.06,173.58132
159,1693496820000,26948.05,26955.49,26920.82,26955.49,87.84241
160,1693496880000,26955.49,26957.77,26926.31,26937.1,104.35705
161,1693496940000,26937.11,26937.11,26910.0,26931.28,87.27837
162,1693497000000,26931.28,26945.0,26920.02,26934.75,62.7775
163,1693497060000,26934.75,26942.73,26912.45,26922.41,85.16537
164,1693497120000,26922.41,26943.77,26903.06,26930.26,65.40103
165,1693497180000,26930.27,26943.76,26922.17,26926.15,56.03473
166,1693497240000,26926.15,26954.54,26926.14,26953.88,50.95945
167,1693497300000,26953.87,26953.88,26928.42,26938.74,44.37203
168,1693497360000,26938.73,26952.8,26927.84,26927.84,52.72833
169,1693497420000,26927.84,26928.88,26911.79,26924.76,46.53219
170,1693497480000,26924.75,26927.3,26904.55,26921.35,40.09644
171,1693497540000,26921.34,26925.81,26916.1,26922.01,78.94282
172,1693497600000,26922.01,26922.98,26908.77,26917.69,108.62189
173,1693497660000,26917.7,26917.7,26897.0,26897.0,96.32604
174,1693497720000,26897.0,26897.01,26865.0,26865.01,100.98385
175,1693497780000,26865.01,26901.99,26863.17,26884.5,84.18157
176,1693497840000,26884.51,26906.7,26881.13,26889.56,42.3122
177,1693497900000,26889.56,26909.0,26886.8,26909.0,40.72377
178,1693497960000,26908.99,26924.87,26908.99,26922.3,65.85839
179,1693498020000,26922.31,26922.31,26905.89,26905.9,32.39692
180,1693498080000,26905.9,26905.9,26887.68,26893.92,42.56705
181,1693498140000,26893.93,26913.74,26893.92,26904.69,24.91249
182,1693498200000,26904.68,26910.83,26897.87,26909.4,31.17009
183,1693498260000,26909.4,26909.41,26890.0,26895.81,23.15246
184,1693498320000,26895.82,26895.82,26885.0,26886.45,36.70836
185,1693498380000,26886.44,26889.25,26860.0,26864.5,88.1829
186,1693498440000,26864.5,26873.82,26840.0,26846.79,85.3939
187,1693498500000,26846.79,26860.02,26813.53,26845.73,77.3811
188,1693498560000,26845.73,26873.28,26816.56,26820.01,81.22571
189,1693498620000,26820.02,26840.8,26816.56,26839.59,56.34458
190,1693498680000,26839.6,26839.6,26733.0,26819.99,539.43265
191,1693498740000,26819.99,26870.55,26801.72,26801.73,229.39785
192,1693498800000,26801.73,26840.57,26799.41,26828.14,98.54164
193,1693498860000,26828.14,26845.0,26807.12,26808.95,88.52017
194,1693498920000,26808.95,26832.52,26807.11,26824.6,61.02424
195,1693498980000,26824.59,26828.0,26780.95,26780.96,92.90705
196,1693499040000,26780.95,26800.0,26777.77,26780.64,81.35744
197,1693499100000,26780.63,26787.91,26743.08,26759.99,173.33541
198,1693499160000,26760.0,26767.94,26669.04,26718.36,483.23399
199,1693499220000,26718.36,26761.73,26700.15,26752.65,138.40604
200,1693499280000,26752.65,26756.99,26727.59,26730.57,100.79549
201,1693499340000,26730.57,26730.57,26696.19,26715.89,77.1951
202,1693499400000,26715.9,26715.9,26569.66,26631.72,634.77544
203,1693499460000,26631.73,26658.21,26539.95,26554.98,260.60383
204,1693499520000,26554.99,26613.84,26554.98,26586.65,167.93254
205,1693499580000,26586.65,26636.68,26580.41,26585.53,128.88568
206,1693499640000,26585.54,26586.76,26515.15,26579.16,323.06412
207,1693499700000,26579.16,26597.68,26527.21,26597.67,121.91726
208,1693499760000,26597.67,26599.4,26544.0,26546.76,103.30372
209,1693499820000,26546.76,26547.84,26472.0,26506.88,410.65866
210,1693499880000,26506.88,26567.8,26481.61,26536.18,257.72858
211,1693499940000,26536.19,26563.85,26503.0,26562.4,176.78152
212,1693500000000,26562.39,26571.42,26525.48,26556.1,183.92827
213,1693500060000,26556.1,26559.69,26522.97,26522.97,137.45025
214,1693500120000,26522.98,26550.0,26520.66,26521.39,43.95727
215,1693500180000,26521.4,26524.68,26471.26,26517.34,132.28727
216,1693500240000,26517.35,26528.77,26491.65,26491.65,86.37673
217,1693500300000,26491.66,26531.42,26474.35,26531.41,104.26138
218,1693500360000,26531.41,26534.33,26354.57,26411.45,599.53008
219,1693500420000,26411.46,26461.77,26410.0,26426.95,163.36546
220,1693500480000,26426.96,26449.59,26402.8,26435.67,108.7297
221,1693500540000,26435.67,26435.68,26337.07,26396.78,315.46233
222,1693500600000,26396.79,26411.39,26351.53,26358.21,149.55322
223,1693500660000,26358.21,26382.76,26282.64,26320.02,414.53687
224,1693500720000,26320.03,26366.52,26310.69,26358.48,79.6136
225,1693500780000,26358.47,26373.11,26346.42,26354.34,106.53211
226,1693500840000,26354.33,26360.0,26293.14,26304.91,148.0798
227,1693500900000,26304.91,26358.53,26296.51,26358.52,135.79618
228,1693500960000,26358.52,26361.48,26316.78,26347.54,120.27881
229,1693501020000,26347.54,26350.0,26327.12,26346.8,86.65052
230,1693501080000,26346.8,26351.0,26266.54,26278.14,85.67388
231,1693501140000,26278.13,26287.78,26218.65,26234.23,267.51106
232,1693501200000,26234.22,26258.32,26133.94,26142.44,657.022
233,1693501260000,26142.44,26248.36,26134.16,26242.04,285.94883
234,1693501320000,26242.03,26340.55,26226.87,26338.51,258.83878
235,1693501380000,26338.27,26338.27,26284.29,26325.02,421.89901
236,1693501440000,26325.02,26337.88,26310.68,26329.02,134.29348
237,1693501500000,26329.03,26329.03,26288.08,26306.35,81.26018
238,1693501560000,26306.35,26329.37,26301.02,26320.49,72.59069
239,1693501620000,26320.49,26321.99,26303.31,26303.31,80.0356
240,1693501680000,26303.31,26312.61,26300.0,26307.74,52.11905
241,1693501740000,26307.73,26350.0,26307.73,26349.99,59.9871
242,1693501800000,26350.0,26352.02,26334.05,26352.02,67.28049
243,1693501860000,26352.01,26364.75,26337.82,26340.23,94.81877
244,1693501920000,26340.22,26390.15,26330.53,26387.17,101.72568
245,1693501980000,26387.18,26387.18,26352.23,26374.25,96.3351
246,1693502040000,26374.26,26389.95,26370.0,26389.94,64.02009
247,1693502100000,26389.94,26391.45,26330.01,26331.83,86.75563
248,1693502160000,26331.83,26331.83,26304.22,26310.0,54.38016
249,1693502220000,26310.0,26314.99,26280.0,26304.22,51.23055
250,1693502280000,26304.22,26315.0,26299.4,26310.13,61.46608
251,1693502340000,26310.12,26329.2,26302.22,26329.19,41.26471
252,1693502400000,26329.2,26329.2,26286.34,26295.37,44.52549
253,1693502460000,26295.37,26373.27,26293.01,26344.25,123.51656
254,1693502520000,26344.25,26363.47,26328.05,26363.47,52.59511
255,1693502580000,26363.46,26388.6,26352.0,26374.52,54.91483
256,1693502640000,26374.52,26378.16,26355.01,26361.38,34.78896
257,1693502700000,26361.37,26381.96,26350.0,26381.95,28.47364
258,1693502760000,26381.96,26391.45,26371.71,26391.44,32.70322
259,1693502820000,26391.45,26400.0,26375.06,26380.66,73.72312
260,1693502880000,26380.65,26380.66,26358.56,26372.9,35.26373
261,1693502940000,26372.91,26388.24,26369.63,26385.33,28.74752
262,1693503000000,26385.34,26385.34,26366.37,26372.87,25.42807
263,1693503060000,26372.86,26372.87,26350.89,26350.9,18.7825
264,1693503120000,26350.89,26358.38,26346.97,26354.57,32.591
265,1693503180000,26354.56,26355.18,26345.41,26353.08,25.85625
266,1693503240000,26353.09,26353.09,26331.17,26342.81,26.47673
267,1693503300000,26342.82,26388.21,26342.81,26388.21,62.58767
268,1693503360000,26388.21,26400.43,26371.23,26371.23,32.72075
269,1693503420000,26371.23,26372.55,26360.0,26371.48,23.05805
270,1693503480000,26371.48,26387.3,26358.51,26381.99,23.82006
271,1693503540000,26381.99,26390.82,26381.99,26390.81,18.6071
272,1693503600000,26390.82,26390.82,26371.61,26371.62,34.83945
273,1693503660000,26371.62,26378.19,26341.5,26346.2,71.45687
274,1693503720000,26346.2,26350.0,26341.82,26341.82,14.04762
275,1693503780000,26341.83,26349.92,26340.0,26343.67,27.3093
276,1693503840000,26343.66,26343.67,26332.57,26341.67,26.77868
277,1693503900000,26341.68,26345.66,26316.93,26345.65,41.07511
278,1693503960000,26345.65,26346.89,26322.34,26322.34,39.39098
279,1693504020000,26322.34,26325.43,26316.87,26316.87,22.46891
280,1693504080000,26316.88,26316.88,26286.35,26292.35,54.08049
281,1693504140000,26292.36,26313.17,26290.43,26312.01,36.10623
282,1693504200000,26312.02,26312.02,26302.8,26310.99,39.54827
283,1693504260000,26310.98,26313.38,26304.1,26313.37,32.45726
284,1693504320000,26313.37,26325.17,26302.62,26302.63,25.84771
285,1693504380000,26302.62,26305.17,26289.99,26292.77,73.71477
286,1693504440000,26292.78,26300.87,26290.01,26300.87,20.03792
287,1693504500000,26300.87,26307.74,26288.5,26291.49,59.06292
288,1693504560000,26291.49,26303.09,26291.48,26300.72,17.32169
289,1693504620000,26300.72,26305.19,26291.6,26305.18,12.50925
290,1693504680000,26305.19,26309.89,26305.18,26309.88,18.28642
291,1693504740000,26309.89,26329.08,26309.88,26329.07,36.12554
292,1693504800000,26329.08,26329.08,26300.0,26321.81,41.8652
293,1693504860000,26321.81,26324.72,26314.58,26324.39,23.25287
294,1693504920000,26324.38,26338.36,26323.3,26329.73,24.45214
295,1693504980000,26329.73,26332.65,26322.49,26330.12,23.69526
296,1693505040000,26330.11,26352.89,26325.06,26351.54,44.18515
297,1693505100000,26351.53,26351.54,26339.35,26346.71,31.94395
298,1693505160000,26346.71,26354.14,26345.06,26352.77,18.39929
299,1693505220000,26352.77,26365.0,26348.25,26364.99,17.2179
300,1693505280000,26365.0,26383.0,26364.99,26380.01,26.22372
301,1693505340000,26380.0,26380.01,26369.95,26372.99,39.9691
302,1693505400000,26373.0,26383.0,26371.5,26383.0,24.51358
303,1693505460000,26383.0,26387.32,26376.64,26383.22,20.82955
304,1693505520000,26383.23,26383.24,26370.47,26370.48,21.01707
305,1693505580000,26370.47,26372.75,26365.06,26372.75,20.14798
306,1693505640000,26372.75,26377.32,26364.28,26364.28,15.20157
307,1693505700000,26364.28,26364.29,26352.16,26352.17,38.91426
308,1693505760000,26352.17,26356.19,26352.16,26352.16,18.67808
309,1693505820000,26352.17,26352.17,26346.71,26346.71,12.5729
310,1693505880000,26346.72,26346.72,26335.97,26346.7,25.24608
311,1693505940000,26346.7,26346.71,26333.24,26333.25,10.41743
312,1693506000000,26333.25,26333.25,26316.42,26319.0,18.48727
313,1693506060000,26319.0,26325.89,26314.6,26325.88,22.29594
314,1693506120000,26325.89,26325.89,26323.01,26323.01,6.97971
315,1693506180000,26323.01,26331.17,26318.82,26327.08,17.20092
316,1693506240000,26327.07,26345.22,26327.07,26345.12,27.55973
317,1693506300000,26345.12,26345.13,26318.83,26318.83,19.55536
318,1693506360000,26318.84,26332.99,26318.83,26320.07,24.58917
319,1693506420000,26320.07,26321.49,26303.97,26303.97,14.81729
320,1693506480000,26303.98,26309.96,26301.17,26309.6,23.56294
321,1693506540000,26309.59,26314.39,26309.59,26310.13,7.77097
322,1693506600000,26310.13,26310.9,26304.84,26309.02,11.71163
323,1693506660000,26309.01,26309.02,26305.97,26306.68,9.21303
324,1693506720000,26306.68,26326.06,26306.68,26316.58,22.27421
325,1693506780000,26316.57,26316.58,26310.04,26312.74,12.01815
326,1693506840000,26312.73,26312.74,26307.33,26307.43,15.42375
327,1693506900000,26307.42,26307.43,26296.1,26296.4,27.48232
328,1693506960000,26296.39,26298.62,26293.03,26293.03,6.56476
329,1693507020000,26293.04,26305.57,26293.03,26305.57,12.03043
330,1693507080000,26305.56,26308.88,26302.12,26302.13,9.87436
331,1693507140000,26302.13,26302.13,26293.15,26293.15,6.30759
332,1693507200000,26293.16,26305.49,26293.15,26305.48,14.04958
333,1693507260000,26305.49,26305.49,26276.37,26281.76,35.85789
334,1693507320000,26281.77,26282.19,26257.96,26266.39,44.65386
335,1693507380000,26266.39,26266.39,26242.94,26258.63,77.70577
336,1693507440000,26258.64,26267.14,26242.22,26257.93,76.49234
337,1693507500000,26257.93,26265.23,26247.41,26257.92,27.14883
338,1693507560000,26257.93,26257.93,26249.77,26249.77,12.03064
339,1693507620000,26249.78,26249.78,26227.54,26249.08,73.3823
340,1693507680000,26249.08,26267.13,26249.07,26262.23,22.43589
341,1693507740000,26262.22,26270.32,26189.77,26204.82,241.78077
342,1693507800000,26204.82,26255.91,26197.07,26246.42,128.68078
343,1693507860000,26246.42,26280.52,26246.41,26279.11,33.35758
344,1693507920000,26279.1,26280.54,26262.34,26263.78,52.24987
345,1693507980000,26263.78,26263.79,26250.64,26263.7,29.6282
346,1693508040000,26263.7,26285.71,26262.76,26285.71,22.34599
347,1693508100000,26285.7,26285.71,26272.17,26285.31,18.64287
348,1693508160000,26285.3,26330.0,26285.3,26310.61,36.41176
349,1693508220000,26310.61,26311.9,26295.78,26295.79,15.42229
350,1693508280000,26295.78,26300.0,26286.37,26300.0,27.79845
351,1693508340000,26299.99,26300.0,26290.01,26292.23,22.92618
352,1693508400000,26292.24,26297.88,26282.47,26297.87,35.58151
353,1693508460000,26297.88,26306.78,26295.24,26303.77,22.03237
354,1693508520000,26303.77,26303.78,26295.82,26300.1,22.68316
355,1693508580000,26300.09,26309.27,26297.24,26309.26,20.34568
356,1693508640000,26309.26,26309.98,26296.62,26296.63,19.82874
357,1693508700000,26296.63,26296.63,26278.01,26278.01,26.71777
358,1693508760000,26278.02,26293.98,26278.01,26292.14,26.27872
359,1693508820000,26292.14,26302.25,26292.13,26298.15,15.95264
360,1693508880000,26298.16,26302.89,26290.39,26295.52,16.75747
361,1693508940000,26295.52,26304.51,26295.52,26304.5,6.63278
362,1693509000000,26304.5,26319.4,26304.5,26319.39,20.98324
363,1693509060000,26319.39,26319.4,26310.14,26310.59,12.68046
364,1693509120000,26310.59,26310.59,26305.0,26305.06,18.60304
365,1693509180000,26305.06,26305.07,26017.45,26033.04,1133.39321
366,1693509240000,26034.48,26139.64,25928.0,26134.39,952.64544
367,1693509300000,26134.4,26178.03,26120.74,26146.98,236.25996
368,1693509360000,26146.98,26200.0,26130.01,26197.76,145.89746
369,1693509420000,26197.75,26281.41,26177.73,26246.57,180.4572
370,1693509480000,26246.57,26246.58,26191.14,26191.15,116.53363
371,1693509540000,26191.14,26210.71,26183.51,26196.92,49.95665
372,1693509600000,26196.92,26196.93,26160.27,26160.27,57.88869
373,1693509660000,26160.28,26160.28,26100.12,26120.01,146.11487
374,1693509720000,26120.02,26181.02,26116.6,26181.02,66.59166
375,1693509780000,26181.01,26191.66,26153.32,26153.32,43.06175
376,1693509840000,26153.33,26157.04,26135.95,26156.65,62.26489
377,1693509900000,26156.65,26192.04,26153.5,26186.2,37.71664
378,1693509960000,26186.19,26189.75,26169.44,26183.56,33.17356
379,1693510020000,26183.56,26188.09,26174.28,26178.32,26.83004
380,1693510080000,26178.31,26180.32,26158.3,26158.71,28.01763
381,1693510140000,26158.7,26173.05,26144.86,26156.77,28.68448
382,1693510200000,26156.77,26185.1,26156.77,26182.39,35.21001
383,1693510260000,26182.4,26207.29,26182.39,26204.59,41.77033
384,1693510320000,26204.59,26229.57,26201.0,26217.33,39.88481
385,1693510380000,26217.33,26217.34,26188.41,26214.51,48.14694
386,1693510440000,26214.51,26258.33,26214.5,26232.18,102.77569
387,1693510500000,26232.17,26246.42,26225.0,26233.02,33.09275
388,1693510560000,26233.02,26237.7,26220.96,26220.97,27.5989
389,1693510620000,26220.96,26223.4,26210.48,26210.49,20.68323
390,1693510680000,26210.48,26216.43,26210.0,26210.0,26.50028
391,1693510740000,26210.0,26214.31,26210.0,26212.06,11.95849
392,1693510800000,26212.06,26222.08,26210.11,26213.65,30.38655
393,1693510860000,26213.65,26239.98,26213.65,26234.07,32.50652
394,1693510920000,26234.06,26234.07,26221.55,26224.38,17.30358
395,1693510980000,26224.37,26248.41,26224.37,26246.09,19.89376
396,1693511040000,26246.08,26269.77,26242.47,26258.31,48.15202
397,1693511100000,26258.31,26262.51,26250.01,26262.51,23.57186
398,1693511160000,26262.51,26267.67,26235.43,26235.43,27.19317
399,1693511220000,26235.43,26239.17,26230.0,26230.0,22.63435
400,1693511280000,26230.0,26236.02,26222.28,26232.47,19.20098
401,1693511340000,26232.47,26232.48,26228.01,26230.25,11.15444
402,1693511400000,26230.24,26232.21,26216.0,26217.0,23.39289
403,1693511460000,26217.01,26219.05,26217.0,26217.08,4.82243
404,1693511520000,26217.08,26220.5,26204.5,26204.5,36.72812
405,1693511580000,26204.51,26220.0,26200.0,26216.8,27.73342
406,1693511640000,26216.8,26216.81,26197.88,26199.99,16.12271
407,1693511700000,26200.0,26200.0,26168.12,26169.87,55.01994
408,1693511760000,26169.87,26177.7,26152.59,26152.59,51.73414
409,1693511820000,26152.6,26167.25,26150.0,26163.56,23.81313
410,1693511880000,26163.57,26165.59,26162.08,26165.59,9.45893
411,1693511940000,26165.59,26184.0,26162.78,26162.79,22.90301
412,1693512000000,26162.79,26162.79,26120.14,26136.7,103.22675
413,1693512060000,26136.69,26146.09,26072.99,26081.14,132.03524
414,1693512120000,26081.14,26121.43,26077.89,26110.63,101.59559
415,1693512180000,26110.63,26140.02,26110.62,26126.92,36.12113
416,1693512240000,26126.91,26126.92,26113.79,26124.35,17.96489
417,1693512300000,26124.36,26141.05,26091.19,26095.4,81.90778
418,1693512360000,26095.39,26099.08,26065.0,26099.08,57.56925
419,1693512420000,26099.07,26100.82,26076.63,26094.42,30.24032
420,1693512480000,26094.41,26146.21,26094.41,26130.81,89.59143
421,1693512540000,26130.81,26130.81,26085.18,26086.82,52.91337
422,1693512600000,26086.82,26103.79,26086.82,26092.2,25.37527
423,1693512660000,26092.2,26152.51,26090.45,26150.0,83.56856
424,1693512720000,26149.99,26169.46,26146.41,26164.01,36.26027
425,1693512780000,26164.01,26185.34,26162.83,26166.73,47.13125
426,1693512840000,26166.73,26166.73,26142.36,26142.37,20.01422
427,1693512900000,26142.36,26149.95,26123.58,26125.82,53.56609
428,1693512960000,26125.81,26131.88,26111.34,26131.88,32.39491
429,1693513020000,26131.88,26137.7,26118.18,26119.9,18.72059
430,1693513080000,26119.91,26125.0,26119.9,26124.99,20.05562
431,1693513140000,26124.98,26137.36,26122.7,26129.65,18.47366
432,1693513200000,26129.65,26154.98,26129.64,26154.97,18.43948
433,1693513260000,26154.98,26181.17,26154.29,26179.01,71.90268
434,1693513320000,26179.0,26179.01,26158.82,26163.35,20.11951
435,1693513380000,26163.34,26164.44,26155.84,26160.45,11.6157
436,1693513440000,26160.44,26162.37,26151.89,26160.87,15.23628
437,1693513500000,26160.86,26162.37,26152.84,26161.97,21.14915
438,1693513560000,26161.96,26163.88,26161.96,26163.87,7.14932
439,1693513620000,26163.87,26182.51,26155.51,26182.51,22.49718
440,1693513680000,26182.5,26182.51,26175.23,26177.87,15.67514
441,1693513740000,26177.88,26179.1,26177.87,26177.88,9.86207
442,1693513800000,26177.87,26177.87,26165.0,26165.01,13.19514
443,1693513860000,26165.01,26181.78,26165.0,26181.77,16.11892
444,1693513920000,26181.78,26186.56,26151.5,26151.51,28.67754
445,1693513980000,26151.5,26183.87,26115.99,26183.86,95.3759
446,1693514040000,26183.86,26194.86,26179.66,26181.29,32.91334
447,1693514100000,26181.28,26181.29,26156.58,26158.68,23.4553
448,1693514160000,26158.67,26168.0,26158.67,26162.88,13.92217
449,1693514220000,26162.87,26162.88,26146.41,26148.15,22.30533
450,1693514280000,26148.14,26148.15,26129.14,26133.89,19.01746
451,1693514340000,26133.9,26144.0,26133.89,26140.69,16.86127
452,1693514400000,26140.7,26140.7,26132.28,26132.28,8.58959
453,1693514460000,26132.29,26138.38,26132.28,26138.37,9.84355
454,1693514520000,26138.37,26150.0,26133.57,26133.58,15.65894
455,1693514580000,26133.58,26136.08,26120.39,26122.48,28.2568
456,1693514640000,26122.48,26125.39,26122.47,26125.39,5.30375
457,1693514700000,26125.38,26125.39,26120.66,26124.43,7.42095
458,1693514760000,26124.43,26131.31,26120.14,26120.23,15.63235
459,1693514820000,26120.24,26120.24,26113.88,26115.27,9.84538
460,1693514880000,26115.27,26115.27,26103.89,26109.41,16.01111
461,1693514940000,26109.41,26112.52,26080.0,26092.22,32.77309
462,1693515000000,26092.22,26092.23,26068.83,26070.01,36.34999
463,1693515060000,26070.01,26080.0,26031.8,26042.8,107.98677
464,1693515120000,26042.8,26077.7,26042.79,26077.68,55.5546
465,1693515180000,26077.68,26082.23,26028.62,26029.33,105.79359
466,1693515240000,26029.34,26064.06,26027.34,26064.05,47.15276
467,1693515300000,26064.06,26073.05,26044.21,26058.47,59.33065
468,1693515360000,26058.46,26058.47,26014.22,26016.25,39.63529
469,1693515420000,26016.25,26021.39,25959.72,25987.29,180.42391
470,1693515480000,25987.3,26008.9,25974.0,25981.58,51.11735
471,1693515540000,25981.58,26022.61,25974.01,26022.61,42.88057
472,1693515600000,26022.61,26027.63,25976.45,25997.4,60.6076
473,1693515660000,25997.6,26022.21,25991.94,26017.14,38.07275
474,1693515720000,26017.14,26029.47,26014.34,26017.15,29.96402
475,1693515780000,26017.14,26019.0,26000.1,26008.63,30.94438
476,1693515840000,26008.63,26011.65,25970.0,25970.0,77.378
477,1693515900000,25970.0,25978.32,25925.0,25950.01,104.33099
478,1693515960000,25950.01,25964.99,25934.61,25943.95,67.38331
479,1693516020000,25943.95,25943.95,25789.0,25882.24,753.12124
480,1693516080000,25882.25,25885.4,25700.0,25731.56,543.30497
481,1693516140000,25731.62,25876.9,25655.01,25779.76,468.56945
482,1693516200000,25779.76,25863.73,25779.75,25804.91,260.55008
483,1693516260000,25804.92,25870.12,25799.83,25870.12,143.93027
484,1693516320000,25870.11,25878.6,25806.95,25837.78,178.90345
485,1693516380000,25837.77,25896.09,25837.77,25896.09,110.94242
486,1693516440000,25896.09,25896.41,25862.81,25874.08,79.40658
487,1693516500000,25874.08,25954.94,25857.79,25932.35,172.24687
488,1693516560000,25932.35,25939.99,25905.84,25921.35,56.96437
489,1693516620000,25921.35,26010.48,25910.12,25991.69,178.98359
490,1693516680000,25991.68,25991.69,25960.01,25976.21,82.31543
491,1693516740000,25976.2,25983.48,25955.76,25958.98,41.53282
492,1693516800000,25958.97,25977.58,25942.62,25942.62,32.86574
493,1693516860000,25942.62,25947.03,25917.19,25947.02,37.55878
494,1693516920000,25947.02,25964.99,25920.01,25950.68,35.19449
495,1693516980000,25950.68,25950.68,25917.34,25918.67,41.4659
496,1693517040000,25918.67,25930.06,25893.46,25919.18,107.44471
497,1693517100000,25919.17,25949.79,25919.17,25937.85,36.16383
498,1693517160000,25937.85,25951.16,25934.63,25947.26,43.02928
499,1693517220000,25947.26,25950.32,25937.84,25937.85,25.82332
500,1693517280000,25937.85,25937.85,25900.0,25928.59,62.11383
501,1693517340000,25928.59,25934.17,25912.01,25923.92,25.1892
502,1693517400000,25923.91,25923.92,25915.98,25915.99,13.76507
503,1693517460000,25915.98,25935.24,25910.01,25935.24,12.78368
504,1693517520000,25935.23,25948.04,25935.23,25948.04,23.49369
505,1693517580000,25948.04,25948.71,25925.01,25931.62,25.90438
506,1693517640000,25931.62,25948.69,25918.0,25929.16,24.3042
507,1693517700000,25929.17,25941.23,25920.02,25921.63,17.83504
508,1693517760000,25921.62,25942.1,25921.62,25939.29,14.30245
509,1693517820000,25939.29,25942.21,25930.31,25934.84,11.62518
510,1693517880000,25934.83,25934.84,25930.11,25930.12,11.33791
511,1693517940000,25930.12,25938.2,25900.2,25901.08,25.57142
512,1693518000000,25901.07,25969.32,25901.07,25969.32,36.70863
513,1693518060000,25969.31,25969.32,25950.3,25951.62,19.68081
514,1693518120000,25951.63,25951.63,25949.02,25949.66,12.74569
515,1693518180000,25949.66,25963.33,25948.26,25962.08,18.27242
516,1693518240000,25962.08,25963.2,25957.09,25958.01,18.25882
517,1693518300000,25958.0,25963.18,25956.81,25956.93,11.65278
518,1693518360000,25956.93,25958.87,25948.5,25951.35,27.13835
519,1693518420000,25951.35,25965.32,25951.34,25960.92,24.16537
520,1693518480000,25960.92,25975.94,25960.91,25975.94,25.65474
521,1693518540000,25975.94,26009.98,25974.81,25989.89,50.24545
522,1693518600000,25989.89,26004.48,25989.88,25997.05,15.19467
523,1693518660000,25997.06,25999.24,25985.8,25992.89,27.74327
524,1693518720000,25992.88,25992.89,25989.24,25989.26,8.9916
525,1693518780000,25989.26,26007.07,25989.25,26006.93,17.24939
526,1693518840000,26006.94,26037.97,26006.93,26010.58,34.58996
527,1693518900000,26010.58,26010.58,25991.01,25992.95,12.43356
528,1693518960000,25992.95,26003.52,25989.01,26003.52,26.10004
529,1693519020000,26003.52,26025.0,26003.51,26015.56,29.9352
530,1693519080000,26015.55,26015.56,26000.55,26000.56,11.62435
531,1693519140000,26000.56,26024.58,26000.55,26024.57,37.4455
532,1693519200000,26024.57,26025.45,25995.0,26003.25,31.05462
533,1693519260000,26003.25,26003.25,25990.01,25990.01,21.6176
534,1693519320000,25990.02,25993.82,25987.03,25993.81,42.82916
535,1693519380000,25993.82,26000.15,25990.01,25997.79,19.62591
536,1693519440000,25997.8,26000.0,25997.79,25999.99,9.01181
537,1693519500000,26000.0,26000.0,25992.75,25993.59,18.65452
538,1693519560000,25993.58,25993.59,25976.15,25977.29,26.40696
539,1693519620000,25977.29,25988.67,25977.28,25982.46,15.09029
540,1693519680000,25982.46,25982.46,25977.65,25977.66,6.12309
541,1693519740000,25977.65,25994.36,25977.28,25986.51,19.92812
542,1693519800000,25986.5,25994.14,25986.34,25986.34,10.61328
543,1693519860000,25986.34,25996.39,25986.34,25995.82,20.64083
544,1693519920000,25995.81,25995.82,25993.77,25993.78,8.85752
545,1693519980000,25993.78,25998.19,25988.67,25988.67,11.86285
546,1693520040000,25988.68,26005.0,25988.67,26004.99,19.73692
547,1693520100000,26004.99,26035.11,25991.3,26032.01,100.37409
548,1693520160000,26032.01,26032.01,26013.53,26020.0,21.35717
549,1693520220000,26020.0,26025.3,26020.0,26024.81,29.02688
550,1693520280000,26024.81,26032.2,26022.35,26022.87,46.02026
551,1693520340000,26022.86,26029.96,26013.53,26018.32,36.06001
552,1693520400000,26018.31,26018.32,26000.0,26003.41,25.8685
553,1693520460000,26003.42,26003.42,25991.33,25993.28,17.93174
554,1693520520000,25993.28,25993.29,25986.35,25986.36,12.10222
555,1693520580000,25986.35,25991.29,25986.35,25991.28,12.68327
556,1693520640000,25991.29,26000.0,25991.28,25996.57,28.3888
557,1693520700000,25996.58,26009.19,25996.57,26002.64,19.19825
558,1693520760000,26002.64,26002.64,25992.59,25992.63,9.84481
559,1693520820000,25992.62,25997.65,25992.62,25995.41,11.87382
560,1693520880000,25995.42,26012.66,25995.41,26005.56,26.63566
561,1693520940000,26005.57,26005.57,25995.46,25995.47,9.00582
562,1693521000000,25995.47,26007.69,25995.46,26007.69,17.47296
563,1693521060000,26007.69,26007.69,26001.61,26001.62,15.15721
564,1693521120000,26001.61,26007.69,26001.61,26007.68,11.63775
565,1693521180000,26007.69,26008.08,26000.01,26000.01,11.44965
566,1693521240000,26000.02,26001.39,26000.01,26001.38,12.47437
567,1693521300000,26001.38,26004.55,26001.38,26004.54,20.0526
568,1693521360000,26004.54,26010.78,26004.53,26004.97,15.33066
569,1693521420000,26004.97,26004.98,26000.0,26000.0,16.36772
570,1693521480000,26000.01,26012.0,25999.95,26011.99,9.34475
571,1693521540000,26012.0,26018.38,26010.31,26018.37,12.64699
572,1693521600000,26018.37,26028.6,26018.37,26028.6,11.00571
573,1693521660000,26028.6,26030.55,26025.15,26026.79,30.36145
574,1693521720000,26026.78,26026.79,26007.71,26007.71,13.53145
575,1693521780000,26007.72,26007.72,26005.43,26005.44,5.20184
576,1693521840000,26005.43,26005.44,25997.81,25997.82,9.09573
577,1693521900000,25997.81,26006.56,25997.81,26006.55,11.83551
578,1693521960000,26006.55,26006.56,25998.51,25998.52,12.49034
579,1693522020000,25998.51,26002.01,25998.51,25999.11,12.04272
580,1693522080000,25999.11,26010.47,25999.1,26008.02,13.60157
581,1693522140000,26008.01,26014.44,26008.01,26014.44,8.01457
582,1693522200000,26014.44,26017.65,26014.43,26014.43,10.59316
583,1693522260000,26014.44,26017.57,26014.43,26014.96,6.98592
584,1693522320000,26014.97,26019.35,26014.96,26019.35,5.93686
585,1693522380000,26019.35,26019.35,26019.34,26019.35,11.69499
586,1693522440000,26019.34,26035.1,26019.34,26035.09,25.57033
587,1693522500000,26035.1,26035.1,26026.56,26026.56,12.02276
588,1693522560000,26026.57,26032.94,26026.56,26032.93,13.38741
589,1693522620000,26032.94,26072.73,26032.71,26059.57,52.88522
590,1693522680000,26059.56,26059.57,26048.93,26048.94,18.89172
591,1693522740000,26048.94,26058.15,26048.93,26053.96,24.89311
592,1693522800000,26053.95,26057.99,26046.75,26046.75,12.14466
593,1693522860000,26046.75,26046.76,26046.75,26046.75,10.10496
594,1693522920000,26046.76,26046.76,26046.75,26046.75,3.74093
595,1693522980000,26046.75,26048.88,26046.75,26047.92,4.99206
596,1693523040000,26047.91,26047.92,26040.82,26040.82,14.86289
597,1693523100000,26040.83,26040.83,26015.0,26018.34,23.7017
598,1693523160000,26018.33,26018.52,26015.6,26018.51,25.93844
599,1693523220000,26018.52,26021.57,26016.74,26021.56,16.45578
600,1693523280000,26021.57,26023.54,26021.56,26023.53,6.09862
601,1693523340000,26023.54,26023.54,26016.97,26016.98,14.43733
602,1693523400000,26016.97,26025.0,26016.97,26021.71,10.46003
603,1693523460000,26021.7,26024.31,26021.7,26024.3,4.0776
604,1693523520000,26024.3,26024.31,26014.43,26019.18,20.83326
605,1693523580000,26019.19,26019.19,26011.01,26011.02,16.87989
606,1693523640000,26011.02,26011.02,26006.13,26009.09,9.3915
607,1693523700000,26009.1,26016.84,26009.09,26012.29,13.15522
608,1693523760000,26012.29,26012.29,26007.29,26007.3,8.1308
609,1693523820000,26007.29,26009.6,26005.01,26005.02,8.80168
610,1693523880000,26005.01,26009.62,26005.01,26009.61,8.95929
611,1693523940000,26009.62,26009.62,26009.61,26009.61,3.93136
612,1693524000000,26009.61,26009.62,26005.01,26005.01,7.53454
613,1693524060000,26005.02,26005.02,25995.0,25995.01,26.55134
614,1693524120000,25995.01,25996.5,25991.4,25991.4,14.08351
615,1693524180000,25991.41,25992.93,25985.32,25992.93,23.87927
616,1693524240000,25992.93,25992.93,25987.04,25991.99,9.87566
617,1693524300000,25992.0,25992.0,25988.04,25991.72,6.16623
618,1693524360000,25991.72,25991.72,25981.32,25981.39,22.06807
619,1693524420000,25981.38,25981.39,25968.11,25968.11,36.55563
620,1693524480000,25968.11,25972.73,25967.0,25971.32,34.28894
621,1693524540000,25971.32,25971.33,25950.12,25954.11,27.31741
622,1693524600000,25954.11,25960.0,25952.3,25960.0,10.0144
623,1693524660000,25959.99,25960.0,25951.43,25958.46,40.70702
624,1693524720000,25958.45,25976.18,25958.45,25976.18,13.23435
625,1693524780000,25976.17,25977.99,25970.02,25973.09,20.13876
626,1693524840000,25973.08,25973.09,25971.64,25973.07,10.70899
627,1693524900000,25973.07,25973.08,25965.22,25966.18,19.36087
628,1693524960000,25966.18,25975.28,25966.18,25975.26,12.58194
629,1693525020000,25975.27,25975.27,25975.26,25975.27,4.22586
630,1693525080000,25975.27,25979.99,25972.23,25979.99,25.94609
631,1693525140000,25979.98,25979.99,25965.75,25977.18,25.05981
632,1693525200000,25977.17,25977.18,25966.86,25966.87,7.59361
633,1693525260000,25966.86,25969.96,25966.86,25966.87,11.88188
634,1693525320000,25966.88,25968.2,25958.46,25968.19,29.6654
635,1693525380000,25968.19,25972.19,25968.18,25972.19,7.02623
636,1693525440000,25972.19,25976.24,25972.18,25976.24,7.06648
637,1693525500000,25976.23,25976.24,25968.62,25969.56,9.28832
638,1693525560000,25969.56,25969.56,25957.65,25957.65,13.80165
639,1693525620000,25957.66,25957.66,25957.65,25957.66,6.66377
640,1693525680000,25957.65,25957.66,25940.64,25948.83,49.82995
641,1693525740000,25948.83,25966.98,25948.83,25957.27,65.7214
642,1693525800000,25957.27,25957.28,25950.78,25950.79,11.66292
643,1693525860000,25950.78,25950.79,25950.78,25950.79,10.85419
644,1693525920000,25950.78,25950.79,25912.01,25932.91,77.5703
645,1693525980000,25932.91,25946.18,25932.9,25939.48,22.00666
646,1693526040000,25939.47,25939.48,25936.09,25936.48,9.60196
647,1693526100000,25936.49,25936.49,25923.68,25929.47,18.664
648,1693526160000,25929.48,25941.68,25929.47,25941.68,31.44611
649,1693526220000,25941.68,25941.68,25936.75,25936.76,15.88431
650,1693526280000,25936.75,25941.6,25936.75,25937.85,15.8766
651,1693526340000,25937.85,25940.78,25937.84,25940.78,7.79362
652,1693526400000,25940.77,25950.75,25931.11,25932.18,130.58603
653,1693526460000,25932.19,25940.78,25932.18,25937.02,15.7448
654,1693526520000,25937.02,25963.08,25937.01,25963.08,35.25794
655,1693526580000,25963.07,25966.7,25953.07,25953.08,25.57565
656,1693526640000,25953.08,25966.92,25953.07,25966.91,20.3717
657,1693526700000,25966.91,25970.0,25966.91,25970.0,16.40424
658,1693526760000,25969.99,25974.0,25964.21,25974.0,40.43297
659,1693526820000,25973.99,25974.0,25970.4,25973.01,7.13251
660,1693526880000,25973.0,25973.01,25970.44,25970.45,5.69564
661,1693526940000,25970.45,25976.17,25970.44,25976.17,16.7883
662,1693527000000,25976.17,25982.1,25976.16,25982.09,21.26883
663,1693527060000,25982.1,25989.18,25982.09,25989.18,19.34425
664,1693527120000,25989.17,25998.33,25989.17,25998.33,14.06226
665,1693527180000,25998.32,25998.33,25990.92,25990.92,18.72116
666,1693527240000,25990.93,25990.93,25983.9,25990.71,21.137
667,1693527300000,25990.71,25995.01,25988.16,25990.32,28.3565
668,1693527360000,25990.32,26008.57,25990.31,26008.57,36.12311
669,1693527420000,26008.56,26026.89,26008.56,26021.26,28.60145
670,1693527480000,26021.25,26027.53,26008.58,26013.95,37.05573
671,1693527540000,26013.94,26013.95,26011.17,26011.18,4.34714
672,1693527600000,26011.17,26025.75,26011.17,26025.75,28.42679
673,1693527660000,26025.74,26025.75,26020.01,26020.02,23.08267
674,1693527720000,26020.01,26020.02,26008.36,26008.37,15.46178
675,1693527780000,26008.37,26019.82,26008.37,26009.79,20.68654
676,1693527840000,26009.8,26018.85,26009.1,26012.63,18.49786
677,1693527900000,26012.62,26018.84,26008.43,26008.43,9.08991
678,1693527960000,26008.44,26011.7,26008.43,26011.7,14.88515
679,1693528020000,26011.69,26034.97,26011.69,26034.97,18.15034
680,1693528080000,26034.97,26034.97,26028.71,26028.71,9.7076
681,1693528140000,26028.71,26028.72,26026.11,26028.72,5.78016
682,1693528200000,26028.72,26028.72,26027.41,26027.42,5.33822
683,1693528260000,26027.41,26027.42,26027.41,26027.41,8.40822
684,1693528320000,26027.42,26030.72,26027.41,26029.74,10.28321
685,1693528380000,26029.73,26031.21,26029.73,26031.21,8.91552
686,1693528440000,26031.2,26031.21,26031.2,26031.21,9.11134
687,1693528500000,26031.21,26031.21,26023.94,26023.95,5.81808
688,1693528560000,26023.95,26023.95,26017.41,26018.68,10.84388
689,1693528620000,26018.67,26027.3,26018.67,26027.3,5.78065
690,1693528680000,26027.29,26027.3,26023.4,26027.18,15.46845
691,1693528740000,26027.18,26027.18,26026.9,26026.91,6.16782
692,1693528800000,26026.9,26036.41,26026.9,26036.4,10.91167
693,1693528860000,26036.41,26070.0,26034.87,26058.35,56.27886
694,1693528920000,26058.35,26058.35,26043.52,26043.53,21.10041
695,1693528980000,26043.52,26052.64,26041.8,26041.8,7.91629
696,1693529040000,26041.8,26047.06,26041.33,26041.34,7.52515
697,1693529100000,26041.34,26041.34,26034.33,26034.34,6.24931
698,1693529160000,26034.34,26040.0,26034.33,26040.0,19.8674
699,1693529220000,26040.0,26057.2,26039.99,26057.2,12.39522
700,1693529280000,26057.19,26057.2,26042.12,26042.13,13.74117
701,1693529340000,26042.12,26042.13,26037.01,26040.15,6.55816
702,1693529400000,26040.15,26040.15,26038.0,26038.0,8.41571
703,1693529460000,26038.0,26044.1,26038.0,26044.1,8.86343
704,1693529520000,26044.09,26044.1,26037.59,26037.6,12.94595
705,1693529580000,26037.6,26037.6,26037.59,26037.6,7.67337
706,1693529640000,26037.6,26040.66,26037.59,26040.65,4.21963
707,1693529700000,26040.65,26046.36,26040.65,26045.64,10.75045
708,1693529760000,26045.63,26054.5,26040.9,26054.49,8.22246
709,1693529820000,26054.5,26059.78,26054.49,26056.3,13.61708
710,1693529880000,26056.29,26056.72,26056.29,26056.71,2.43534
711,1693529940000,26056.72,26056.72,26051.96,26051.97,8.34238
712,1693530000000,26051.97,26057.9,26049.34,26049.34,25.63963
713,1693530060000,26049.35,26049.35,26021.7,26024.99,82.58867
714,1693530120000,26024.98,26024.99,26012.45,26016.38,73.25863
715,1693530180000,26016.38,26023.56,26016.37,26023.55,9.82232
716,1693530240000,26023.55,26032.9,26023.55,26024.45,18.43457
717,1693530300000,26024.44,26024.45,26015.0,26016.96,20.42784
718,1693530360000,26016.95,26023.97,26016.95,26023.84,8.93773
719,1693530420000,26023.85,26027.3,26021.76,26027.3,12.86768
720,1693530480000,26027.3,26027.3,26020.0,26020.0,22.283
721,1693530540000,26020.0,26020.01,26002.5,26005.06,69.73482
722,1693530600000,26005.06,26012.99,26005.06,26012.98,14.60884
723,1693530660000,26012.98,26012.99,26012.98,26012.98,4.23432
724,1693530720000,26012.98,26021.89,26012.98,26021.88,6.63225
725,1693530780000,26021.89,26031.31,26021.88,26025.94,14.55314
726,1693530840000,26025.94,26025.95,26022.7,26022.71,16.9561
727,1693530900000,26022.71,26022.71,26007.11,26007.11,10.76858
728,1693530960000,26007.12,26017.78,26007.11,26010.0,19.82789
729,1693531020000,26010.0,26010.01,26007.12,26007.13,3.96465
730,1693531080000,26007.13,26008.67,26007.12,26008.66,5.22072
731,1693531140000,26008.66,26008.67,26004.66,26004.67,16.55501
732,1693531200000,26004.67,26010.4,26004.66,26010.39,18.33932
733,1693531260000,26010.39,26010.4,26005.47,26009.06,19.31267
734,1693531320000,26009.06,26009.07,26004.67,26004.9,21.0739
735,1693531380000,26004.9,26007.27,26004.89,26007.27,9.05108
736,1693531440000,26007.26,26008.4,26004.67,26008.38,10.32136
737,1693531500000,26008.37,26015.9,26004.69,26005.82,18.27702
738,1693531560000,26005.82,26005.83,25990.0,25991.98,28.414
739,1693531620000,25991.99,25991.99,25991.98,25991.98,5.91052
740,1693531680000,25991.98,26002.85,25989.78,26002.83,29.35523
741,1693531740000,26002.82,26002.83,25997.83,25997.84,27.50665
742,1693531800000,25997.84,26001.72,25995.71,25995.71,8.62103
743,1693531860000,25995.72,25995.72,25984.0,25984.0,10.06372
744,1693531920000,25984.0,25992.14,25981.0,25991.24,21.81396
745,1693531980000,25991.24,25991.24,25986.22,25990.06,11.2768
746,1693532040000,25990.05,25993.13,25987.48,25990.17,31.12867
747,1693532100000,25990.17,25992.01,25990.15,25992.0,42.57502
748,1693532160000,25992.01,26000.0,25992.0,25997.93,8.3434
749,1693532220000,25997.94,25997.94,25991.26,25991.27,9.30935
750,1693532280000,25991.27,25991.27,25990.7,25990.7,11.12387
751,1693532340000,25990.71,25990.71,25980.97,25987.63,17.07468
752,1693532400000,25987.62,25987.63,25987.62,25987.63,6.22237
753,1693532460000,25987.62,25989.56,25987.62,25987.62,7.40811
754,1693532520000,25987.63,25989.55,25984.33,25989.54,23.60535
755,1693532580000,25989.54,25992.55,25989.54,25990.27,33.07759
756,1693532640000,25990.27,25990.27,25990.26,25990.27,2.14329
757,1693532700000,25990.26,25999.34,25990.26,25992.69,34.29085
758,1693532760000,25992.69,25992.7,25985.98,25985.99,25.69185
759,1693532820000,25985.98,25985.99,25974.13,25980.33,33.92391
760,1693532880000,25980.32,25985.6,25980.32,25985.6,4.50223
761,1693532940000,25985.59,25993.33,25985.59,25989.57,7.56386
762,1693533000000,25989.57,25993.11,25989.56,25992.34,4.30003
763,1693533060000,25992.35,26000.85,25992.34,25996.11,21.67721
764,1693533120000,25996.11,25998.23,25996.1,25998.23,2.56615
765,1693533180000,25998.22,26003.92,25998.22,26000.19,23.01141
766,1693533240000,26000.2,26000.2,26000.19,26000.2,3.22357
767,1693533300000,26000.2,26002.21,26000.19,26001.88,14.96859
768,1693533360000,26001.88,26001.89,25987.92,25987.92,21.48922
769,1693533420000,25987.92,25987.93,25985.6,25985.71,15.96314
770,1693533480000,25985.71,25985.72,25985.71,25985.72,3.30077
771,1693533540000,25985.72,25985.72,25985.71,25985.72,2.62879
772,1693533600000,25985.71,25998.17,25985.71,25998.17,25.94774
773,1693533660000,25998.17,26001.81,25995.72,25998.72,26.73361
774,1693533720000,25998.72,26009.21,25998.71,26009.21,42.45586
775,1693533780000,26009.21,26019.18,26009.2,26018.22,24.30793
776,1693533840000,26018.22,26018.22,26010.42,26010.42,17.26293
777,1693533900000,26010.43,26010.43,26010.42,26010.43,5.85808
778,1693533960000,26010.43,26010.43,26004.75,26005.01,10.50113
779,1693534020000,26005.01,26010.43,26003.79,26010.43,10.41148
780,1693534080000,26010.43,26010.43,26005.37,26007.99,37.40511
781,1693534140000,26008.0,26008.0,26007.99,26008.0,4.62289
782,1693534200000,26008.0,26008.0,25996.46,26003.01,35.03851
783,1693534260000,26003.01,26003.01,25999.62,25999.62,13.54304
784,1693534320000,25999.62,25999.63,25997.0,25997.0,2.94972
785,1693534380000,25997.0,25997.01,25991.5,25991.51,7.51013
786,1693534440000,25991.5,25998.85,25991.5,25998.85,45.94669
787,1693534500000,25998.85,26005.85,25998.84,26005.85,12.24009
788,1693534560000,26005.84,26012.43,26005.84,26012.02,6.20889
789,1693534620000,26012.02,26012.02,26012.01,26012.02,4.89022
790,1693534680000,26012.01,26020.27,26012.01,26014.92,17.73037
791,1693534740000,26014.92,26017.55,26014.92,26017.55,3.66326
792,1693534800000,26017.55,26020.25,26017.54,26020.25,6.27735
793,1693534860000,26020.25,26022.2,26020.24,26022.19,4.08134
794,1693534920000,26022.2,26025.78,26022.19,26025.78,4.96539
795,1693534980000,26025.78,26029.91,26024.41,26024.42,14.71948
796,1693535040000,26024.42,26025.96,26023.11,26025.96,10.90355
797,1693535100000,26025.95,26025.96,26025.95,26025.96,4.64016
798,1693535160000,26025.96,26031.57,26022.2,26024.56,21.88121
799,1693535220000,26024.57,26029.45,26024.56,26026.01,14.91659
800,1693535280000,26026.01,26029.55,26024.92,26029.55,14.80073
801,1693535340000,26029.55,26052.75,26029.54,26047.93,55.84933
802,1693535400000,26047.93,26067.2,26047.92,26063.41,51.4683
803,1693535460000,26063.4,26063.55,26048.85,26051.8,35.69222
804,1693535520000,26051.79,26051.8,26051.67,26051.68,18.31807
805,1693535580000,26051.67,26051.68,26043.92,26046.0,25.42633
806,1693535640000,26046.0,26051.57,26045.99,26051.57,13.71419
807,1693535700000,26051.57,26051.57,26048.22,26049.34,6.05887
808,1693535760000,26049.34,26049.34,26041.15,26046.94,18.20571
809,1693535820000,26046.94,26046.95,26046.94,26046.95,5.11706
810,1693535880000,26046.95,26046.95,26046.94,26046.95,3.95349
811,1693535940000,26046.95,26050.0,26046.94,26049.99,5.78623
812,1693536000000,26050.0,26050.0,26047.06,26047.06,4.00118
813,1693536060000,26047.07,26055.89,26047.06,26055.89,9.52608
814,1693536120000,26055.88,26063.49,26055.88,26063.46,13.19463
815,1693536180000,26063.46,26082.74,26063.46,26076.82,30.71715
816,1693536240000,26076.82,26094.8,26075.81,26086.37,26.37367
817,1693536300000,26086.36,26086.37,26075.02,26075.03,19.85833
818,1693536360000,26075.02,26086.18,26075.02,26077.8,13.52534
819,1693536420000,26077.8,26085.0,26075.61,26082.34,19.44781
820,1693536480000,26082.34,26100.0,26082.33,26095.85,30.15689
821,1693536540000,26095.84,26095.85,26092.34,26092.34,7.89601
822,1693536600000,26092.35,26092.35,26092.34,26092.35,4.02269
823,1693536660000,26092.34,26092.35,26076.93,26076.94,12.6153
824,1693536720000,26076.94,26076.94,26073.2,26073.21,5.65696
825,1693536780000,26073.21,26073.21,26073.2,26073.21,3.27034
826,1693536840000,26073.21,26073.21,26073.2,26073.21,9.78493
827,1693536900000,26073.2,26073.21,26063.46,26063.47,11.62393
828,1693536960000,26063.47,26063.47,26058.21,26058.22,6.71321
829,1693537020000,26058.22,26058.22,26049.0,26056.37,15.60991
830,1693537080000,26056.37,26056.37,26056.36,26056.37,20.778
831,1693537140000,26056.36,26058.62,26056.36,26058.62,9.21106
832,1693537200000,26058.62,26058.62,26056.36,26056.37,5.65953
833,1693537260000,26056.36,26056.37,26056.36,26056.37,2.21988
834,1693537320000,26056.37,26056.37,26054.65,26054.65,16.49031
835,1693537380000,26054.66,26054.66,26053.61,26053.61,14.30774
836,1693537440000,26053.62,26059.63,26053.61,26059.63,28.21142
837,1693537500000,26059.62,26062.24,26059.62,26062.23,7.40524
838,1693537560000,26062.24,26062.24,26050.69,26050.69,30.30325
839,1693537620000,26050.69,26050.7,26045.0,26045.01,11.2183
840,1693537680000,26045.01,26045.01,26045.0,26045.01,6.56061
841,1693537740000,26045.01,26045.01,26045.0,26045.01,4.34051
842,1693537800000,26045.01,26045.01,26045.0,26045.01,7.22084
843,1693537860000,26045.0,26045.01,26045.0,26045.0,4.71991
844,1693537920000,26045.01,26045.01,26045.0,26045.01,3.19867
845,1693537980000,26045.0,26045.01,26045.0,26045.01,3.44925
846,1693538040000,26045.01,26047.39,26045.0,26047.39,26.62892
847,1693538100000,26047.38,26052.35,26047.38,26052.35,15.66152
848,1693538160000,26052.35,26053.59,26052.34,26053.59,13.59934
849,1693538220000,26053.59,26053.59,26046.3,26046.31,5.63451
850,1693538280000,26046.31,26048.37,26046.3,26048.36,23.75761
851,1693538340000,26048.36,26052.72,26046.38,26050.2,14.69889
852,1693538400000,26050.21,26051.16,26050.2,26051.16,3.67254
853,1693538460000,26051.15,26051.16,26051.15,26051.16,1.91335
854,1693538520000,26051.16,26051.16,26046.52,26046.81,3.68542
855,1693538580000,26046.81,26046.81,26043.71,26043.72,14.13242
856,1693538640000,26043.71,26043.72,26043.63,26043.64,4.75426
857,1693538700000,26043.63,26043.64,26043.63,26043.64,7.90859
858,1693538760000,26043.64,26046.78,26043.63,26045.05,14.17395
859,1693538820000,26045.05,26045.06,26045.05,26045.05,3.61581
860,1693538880000,26045.06,26045.06,26045.05,26045.06,1.68031
861,1693538940000,26045.06,26045.06,26045.05,26045.06,3.95488
862,1693539000000,26045.06,26045.06,26045.05,26045.06,3.13196
863,1693539060000,26045.06,26052.35,26045.05,26052.34,5.94913
864,1693539120000,26052.35,26052.35,26052.34,26052.34,1.94366
865,1693539180000,26052.35,26062.94,26052.34,26062.93,9.0852
866,1693539240000,26062.93,26066.03,26062.93,26066.03,6.75082
867,1693539300000,26066.03,26068.24,26063.0,26068.23,9.82936
868,1693539360000,26068.24,26072.61,26068.23,26072.61,4.40221
869,1693539420000,26072.6,26079.43,26072.6,26079.43,9.37043
870,1693539480000,26079.42,26079.43,26068.23,26068.24,14.35407
871,1693539540000,26068.23,26070.1,26068.23,26070.09,4.66541
872,1693539600000,26070.1,26072.25,26070.09,26072.25,7.13354
873,1693539660000,26072.25,26073.02,26072.24,26073.01,3.06234
874,1693539720000,26073.01,26073.01,26063.98,26063.99,5.94451
875,1693539780000,26063.99,26067.03,26063.1,26063.1,13.7903
876,1693539840000,26063.11,26072.29,26063.1,26072.29,11.47399
877,1693539900000,26072.28,26087.79,26072.28,26087.79,22.19841
878,1693539960000,26087.79,26087.79,26087.78,26087.78,6.83598
879,1693540020000,26087.78,26087.79,26086.37,26086.37,9.92459
880,1693540080000,26086.37,26086.38,26086.37,26086.37,9.64143
881,1693540140000,26086.38,26086.38,26086.37,26086.38,3.20752
882,1693540200000,26086.37,26086.38,26086.37,26086.38,6.39063
883,1693540260000,26086.37,26086.38,26086.37,26086.38,7.19746
884,1693540320000,26086.37,26089.24,26086.37,26089.24,8.3791
885,1693540380000,26089.24,26091.81,26089.23,26091.81,4.49884
886,1693540440000,26091.8,26091.81,26087.32,26087.32,7.03955
887,1693540500000,26087.33,26089.69,26087.32,26089.69,2.00362
888,1693540560000,26089.69,26094.9,26089.68,26094.9,6.34264
889,1693540620000,26094.89,26094.9,26088.58,26088.59,13.30948
890,1693540680000,26088.58,26088.59,26077.51,26082.0,13.91434
891,1693540740000,26081.99,26082.0,26081.0,26081.01,2.29028
892,1693540800000,26081.0,26083.99,26081.0,26083.99,5.52059
893,1693540860000,26083.98,26083.99,26083.98,26083.99,4.65822
894,1693540920000,26083.99,26083.99,26076.07,26078.83,17.78572
895,1693540980000,26078.84,26086.18,26078.83,26081.9,14.96746
896,1693541040000,26081.91,26081.91,26081.9,26081.9,3.34583
897,1693541100000,26081.91,26087.8,26081.9,26087.8,7.43408
898,1693541160000,26087.79,26089.19,26087.79,26089.19,5.99355
899,1693541220000,26089.19,26089.19,26089.17,26089.18,18.80025
900,1693541280000,26089.18,26092.67,26089.17,26092.67,9.26812
901,1693541340000,26092.67,26092.67,26091.09,26092.24,9.69307
902,1693541400000,26092.25,26092.25,26089.51,26089.52,24.49111
903,1693541460000,26089.52,26089.52,26083.79,26083.8,19.64454
904,1693541520000,26083.79,26091.42,26083.79,26091.41,10.57142
905,1693541580000,26091.42,26095.0,26091.41,26095.0,3.91555
906,1693541640000,26094.99,26095.0,26093.13,26093.13,18.71724
907,1693541700000,26093.14,26093.14,26093.13,26093.14,3.03509
908,1693541760000,26093.13,26093.14,26088.29,26088.3,9.51826
909,1693541820000,26088.3,26088.3,26085.0,26085.01,5.91098
910,1693541880000,26085.01,26085.01,26077.03,26077.04,16.28854
911,1693541940000,26077.04,26077.04,26072.28,26072.29,3.98601
912,1693542000000,26072.29,26072.29,26067.56,26067.57,3.04285
913,1693542060000,26067.57,26067.57,26067.56,26067.56,4.70388
914,1693542120000,26067.56,26067.57,26067.56,26067.57,1.92188
915,1693542180000,26067.57,26067.57,26067.56,26067.56,6.00261
916,1693542240000,26067.56,26073.23,26067.56,26073.22,18.20577
917,1693542300000,26073.23,26073.23,26073.22,26073.23,7.60494
918,1693542360000,26073.22,26073.23,26067.29,26067.3,9.16918
919,1693542420000,26067.3,26067.3,26050.0,26057.54,105.64475
920,1693542480000,26057.55,26057.55,26057.54,26057.54,4.03378
921,1693542540000,26057.55,26057.55,26056.71,26056.72,5.31722
922,1693542600000,26056.71,26056.72,26047.19,26047.2,14.91244
923,1693542660000,26047.2,26047.2,26043.63,26043.64,14.96471
924,1693542720000,26043.64,26043.64,26043.63,26043.64,2.68981
925,1693542780000,26043.63,26050.58,26043.63,26050.58,18.90734
926,1693542840000,26050.57,26052.41,26050.57,26052.4,4.18944
927,1693542900000,26052.4,26052.41,26047.94,26047.94,11.21801
928,1693542960000,26047.95,26047.95,26043.63,26047.53,13.58075
929,1693543020000,26047.52,26047.53,26043.63,26043.88,4.85544
930,1693543080000,26043.88,26043.88,26041.16,26041.17,6.72315
931,1693543140000,26041.16,26043.11,26041.16,26041.75,5.40265
932,1693543200000,26041.74,26041.75,26040.0,26040.01,2.77807
933,1693543260000,26040.01,26040.01,26039.0,26039.0,4.31412
934,1693543320000,26039.0,26039.01,26039.0,26039.0,2.20085
935,1693543380000,26039.01,26040.84,26039.0,26040.83,4.25641
936,1693543440000,26040.84,26046.61,26040.83,26046.61,11.52084
937,1693543500000,26046.6,26053.83,26045.28,26053.82,17.30331
938,1693543560000,26053.83,26053.83,26048.95,26048.96,8.42806
939,1693543620000,26048.96,26048.96,26045.22,26045.23,2.36971
940,1693543680000,26045.22,26045.23,26043.0,26043.0,3.12227
941,1693543740000,26043.01,26043.01,26043.0,26043.01,1.80832
942,1693543800000,26043.0,26043.01,26042.34,26042.34,5.70385
943,1693543860000,26042.34,26042.35,26042.34,26042.34,1.89022
944,1693543920000,26042.35,26047.6,26042.34,26047.59,6.36825
945,1693543980000,26047.6,26047.6,26047.59,26047.6,3.53599
946,1693544040000,26047.59,26047.6,26047.59,26047.6,3.19054
947,1693544100000,26047.6,26047.6,26044.45,26044.45,10.36607
948,1693544160000,26044.46,26044.46,26044.45,26044.46,2.19314
949,1693544220000,26044.45,26044.46,26044.45,26044.45,2.6959
950,1693544280000,26044.45,26044.46,26044.45,26044.46,3.29018
951,1693544340000,26044.46,26044.46,26044.45,26044.46,3.50207
952,1693544400000,26044.46,26044.46,26042.1,26042.11,8.79365
953,1693544460000,26042.11,26049.39,26042.1,26049.39,7.39719
954,1693544520000,26049.38,26056.28,26049.38,26056.28,8.52063
955,1693544580000,26056.27,26057.54,26053.02,26053.03,9.71707
956,1693544640000,26053.02,26053.03,26045.57,26045.58,6.18066
957,1693544700000,26045.57,26045.58,26045.57,26045.58,2.73295
958,1693544760000,26045.58,26045.58,26045.35,26045.35,5.71516
959,1693544820000,26045.36,26049.35,26045.35,26049.35,11.79627
960,1693544880000,26049.34,26049.35,26048.56,26048.56,10.85156
961,1693544940000,26048.57,26048.57,26042.2,26042.21,2.81622
962,1693545000000,26042.2,26042.21,26041.0,26041.01,3.18152
963,1693545060000,26041.01,26041.01,26037.71,26037.72,6.8949
964,1693545120000,26037.72,26037.72,26029.56,26029.57,12.18642
965,1693545180000,26029.56,26035.01,26029.56,26035.0,7.79006
966,1693545240000,26035.0,26038.08,26035.0,26038.08,5.02366
967,1693545300000,26038.07,26039.08,26038.07,26039.07,6.43504
968,1693545360000,26039.08,26039.08,26032.03,26032.03,9.99844
969,1693545420000,26032.03,26032.04,26029.56,26029.57,12.15742
970,1693545480000,26029.57,26031.4,26029.56,26031.39,6.24259
971,1693545540000,26031.39,26039.8,26031.39,26039.8,11.204
972,1693545600000,26039.8,26042.95,26039.79,26042.94,13.54018
973,1693545660000,26042.95,26048.57,26042.94,26048.56,10.34565
974,1693545720000,26048.57,26049.3,26044.24,26044.38,8.51747
975,1693545780000,26044.37,26049.92,26044.37,26049.92,6.54957
976,1693545840000,26049.91,26050.0,26049.91,26050.0,7.80344
977,1693545900000,26049.99,26050.0,26049.99,26050.0,4.45363
978,1693545960000,26050.0,26050.0,26049.99,26050.0,3.47146
979,1693546020000,26050.0,26050.0,26049.99,26050.0,1.29347
980,1693546080000,26049.99,26050.0,26044.24,26044.25,10.01939
981,1693546140000,26044.24,26044.25,26044.24,26044.25,2.29906
982,1693546200000,26044.24,26044.25,26037.13,26037.13,8.72422
983,1693546260000,26037.14,26037.14,26025.72,26025.72,4.50396
984,1693546320000,26025.73,26031.3,26025.72,26031.3,9.21732
985,1693546380000,26031.3,26032.0,26031.29,26032.0,3.86257
986,1693546440000,26032.0,26037.5,26031.72,26031.73,13.18891
987,1693546500000,26031.73,26031.73,26031.72,26031.73,6.59822
988,1693546560000,26031.72,26035.01,26031.72,26035.01,6.72226
989,1693546620000,26035.0,26035.01,26035.0,26035.01,13.35527
990,1693546680000,26035.0,26035.01,26035.0,26035.0,5.9434
991,1693546740000,26035.0,26035.01,26027.51,26027.51,13.42911
992,1693546800000,26027.52,26030.64,26027.51,26030.63,14.12961
993,1693546860000,26030.63,26030.64,26030.63,26030.64,3.49675
994,1693546920000,26030.63,26031.88,26030.63,26031.88,8.56089
995,1693546980000,26031.88,26034.46,26031.87,26034.19,4.7187
996,1693547040000,26034.18,26034.19,26034.18,26034.19,2.45564
997,1693547100000,26034.18,26034.19,26025.4,26028.6,25.92087
998,1693547160000,26028.59,26045.42,26028.59,26045.41,29.4777
999,1693547220000,26045.41,26045.42,26045.41,26045.42,0.11884
